Number,Company,Role ,Recruiter? ,Date Applied,CV used?,First,Tech,Final,Outcome,Feedback?,Notes written up?,Application method,Comments,Automated first? ,Tech test type
1,,Associate Back-end,,01/12/2023,yes,Yes,Yes,Yes,No,Yes,Yes,Company website,,no,Pair programming
2,,Full Stack,,16/01/2024,yes,No,No,No,No,NA,NA,job board,,,
3,,Junior Back-end,,31/01/2024,yes,Yes,No,No,No,No,NA,referral email,,no,
4,,Back-end,,15/02/2024,yes,No,No,No,No,NA,NA,Company website,,,
5,,Junior Software Engineer,,16/02/2024,yes,No,No,No,No,NA,NA,Company website,,,
6,,Junior Software Engineer,,23/02/2024,yes,No,No,No,No,NA,NA,Company website,closed early: too many applicants,,
7,,Speculative,,26/02/2024,yes,Speculative,No,No,No,NA,NA,Company website,Speculative: Currently no role available. ,,
8,,Full Stack Dev,,27/02/2024,yes,No,No,No,No,NA,NA,Company website,,,
9,,Full Stack Support Engineer,,27/02/2024,yes,No,No,No,No,NA,NA,Company website,,,
10,,Software Engineer,Yes,29/02/2024,yes,No,No,No,No,NA,NA,career/job site,,,
11,,Junior Developer,,04/03/2024,yes,,,,,,,Company website,,,
12,,Junior Full Stack Developer,,04/03/2024,yes,,,,,,,Company website,,,
13,,Full Stack Engineer,,04/03/2024,yes,No,No,No,No,NA,NA,Company website,"Did not progress, role filled",,
14,,Junior Backend Engineer,,12/03/2024,yes,No,No,No,No,NA,NA,Company website,,,
15,,Junior Mobile App Developer,,12/03/2024,yes,,,,,,,career/job site,,,
16,,Junior Software Engineer,Yes,12/03/2024,yes,,,,,,,career/job site,,,
17,,Graduate Software Engineer,Yes,12/03/2024,yes,,,,,,,career/job site,,,
18,,Graduate Software Engineer,,15/03/2024,yes,No,No,No,No,NA,NA,career/job site,,,
19,,Software Engineer Internship,,16/03/2024,no,No,No,No,No,NA,NA,Company website,,,
20,,Software Developer Internship,,19/03/2024,yes,,,,,,,Company website,,,
21,,Graduate Software Engineer,,19/03/2024,yes,,,,,,,Direct email,,,
22,,Software Developer Internship,,19/03/2024,yes,,,,,,,Company website,,,
23,,Junior Software Developer,,20/03/2024,yes,,,,,,,Company website,,,
24,,Junior Full Stack Developer,,21/03/2024,yes,No,No,No,No,NA,NA,career/job site,,,
25,,Junior Software Engineer,Yes,25/03/2024,yes,,,,,,,career/job site,,,
26,,Full Stack Engineer,,25/03/2024,yes,No,No,No,No,NA,NA,career/job site,"Did not progress, role filled",,
27,,Apprenticeship,,26/03/2024,yes,Yes,Yes,No,No,No,NA,Company website,,no,algorithmic problems
28,,Application Software Engineer,Yes,26/03/2024,yes,,,,,,,career/job site,,,
29,,Software Engineer,,11/04/2024,yes,,,,,,,job board,,,
30,,Apprenticeship,,21/04/2024,yes,Yes,Yes,No,No,NA,NA,Company website,,no,algorithmic problems
31,,Apprenticeship,,24/04/2024,yes,Yes,Yes,Yes,No,Yes,Yes,Company website,,no,take-home
32,,Graduate Software Engineer,,01/05/2024,yes,,,,,,,Company website,,,
33,,Software Engineer,,01/05/2024,yes,No,No,No,No,NA,NA,Company website,,,
34,,Graduate Software Engineer,Yes,01/05/2024,yes,,,,,,,,,,
35,,TypeScript Software Engineer,,01/05/2024,yes,No,No,No,No,NA,NA,Company website,,,
36,,Software Engineer Internship,,01/05/2024,yes,,,,,,,Company website,,,
37,,Software Engineer,,02/05/2024,yes,No,No,No,No,NA,NA,career/job site,,,
38,,Software Engineer (Typescript),,02/05/2024,yes,No,No,No,No,NA,NA,career/job site,,,
39,,Junior Software Developer,,04/05/2024,yes,,,,,,,Company website,,,
40,,Graduate Product Engineer,,07/05/2024,yes,No,No,No,No,NA,NA,career/job site,change in circumstance,,
41,,Entry-level Software Engineer,,07/05/2024,yes,,,,,,,Company website,,,
42,,Junior Software Engineer,,08/05/2024,yes,,,,,,,career/job site,,,
43,,Software Engineer,,13/05/2024,yes,,,,,,,career/job site,,,
44,,Associate Software Engineer,,31/05/2024,yes,No,Yes,No,No,NA,NA,Company website,,,algorithmic problems
45,,Full Stack Engineer,,12/06/2024,yes,No,No,No,No,NA,NA,career/job site,,,
46,,Associate Engineer,,12/06/2024,yes,No,No,No,No,NA,NA,Company website,,,
47,,Graduate Software Engineer,,17/06/2024,yes,No,No,No,No,NA,NA,Company website,,,
48,,Trainee Web Developer,,17/06/2024,yes,No,No,No,No,NA,NA,direct Email,,,
49,,Full Stack Software Engineer,,18/06/2024,yes,No,No,No,No,NA,NA,career/job site,,,
50,,Junior IT Product Developer,,18/06/2024,yes,No,No,No,No,NA,NA,Company website,,,
51,,Junior Software Engineer,,20/06/2024,yes,,,,,,,career/job site,,,
52,,Junior Software Developer,,20/06/2024,yes,No,No,No,No,NA,NA,Company website,,,
53,,Graduate Engineer,,20/06/2024,yes,No,No,No,No,NA,NA,Company website,,,
54,,Junior Web Developer,Yes,20/06/2024,yes,,,,,,,career/job site,,,
55,,Junior Software Engineer,Yes,20/06/2024,yes,,,,,,,career/job site,,,
56,,Full Stack Javascript Developer,,20/06/2024,yes,,,,,,,Company website,,,
57,,Software Engineer,,20/06/2024,yes,,,,,,,Company website,,,
58,,Junior Web Developer,,21/06/2024,yes,Yes,,,,,,Company website,,Yes,
59,,Junior React Software Engineer,Yes,23/06/2024,yes,,,,,,,career/job site,,,
60,,Junior Developer,,24/06/2024,yes,,,,,,,career/job site,,,
61,,Software Engineer,,24/06/2024,yes,No,No,No,No,NA,NA,Company website,,,
62,,Junior Software Engineer,Yes,24/06/2024,yes,No,No,No,No,NA,NA,Company website,,,
63,,Junior Developer,Yes,24/06/2024,yes,,,,,,,Company website,,,
64,,Php Engineer,,24/06/2024,yes,,,,,,,Company website,,,
65,,Junior Developer,,25/06/2024,yes,No,No,No,No,NA,NA,Company website,change in circumstance,,
66,,Software Engineer,,20/06/2024,yes,No,No,No,No,NA,NA,Company website,,,
67,,Junior Software Engineer,Yes,01/07/2024,yes,,,,,,,career/job site,,,
68,,Junior Software Engineer,Yes,01/07/2024,yes,,,,,,,career/job site,,,
69,,Associate Software Engineer,,02/07/2024,yes,No,No,No,No,NA,NA,Company website,,,
70,,Junior Software Engineer,,02/07/2024,yes,No,No,No,No,NA,NA,Direct Email,,,
71,,Frontend Software Engineer,,03/07/2024,yes,Yes,No,No,No,No,NA,Direct Email,,no,
72,,Software Engineer I,,04/07/2024,yes,Yes,Yes,Yes,No,Yes,,job board,"Tech test, then Interview",no,
73,,Associate Software Engineer,,17/07/2024,yes,No,No,No,No,NA,NA,Company website,,,
74,,Junior Fullstack Software Engineer,,21/07/2024,yes,No,No,No,No,NA,NA,Company website,,,
75,,Junior Fullstack Software Developer,,27/07/2024,yes,No,No,No,No,NA,NA,Company website,,,
76,,Apprenticeship,,31/07/2024,yes,No,Yes,No,No,Yes,,Company website,,,
77,,Junior Web Developer,,08/08/2024,yes,No,No,No,No,NA,NA,referral email,change in circumstance,,
78,,Junior Software Engineer,,09/08/2024,yes,,,,,,,career/job site,,,
79,,Junior Software Engineer,,13/08/2024,yes,,,,,,,Company website,,,
80,,React Software Engineer,,19/08/2024,yes,No,No,No,No,NA,NA,Company website,,,
81,,Junior Engineer,,20/08/2024,yes,No,No,No,No,NA,NA,Job board,Internal candidate was hired,,
82,,Apprenticeship,,15/09/2024,yes,No,No,No,No,NA,NA,Company website,,,
83,,Junior Software Engineer,,20/09/2024,yes,No,No,No,No,NA,NA,Company website,,,
84,,Graduate Software Engineer,,24/09/2024,yes,Yes,No,No,No,NA,NA,Company website,,yes,
85,,Software Engineering Graduate,,25/09/2024,yes,No,No,No,No,NA,NA,Company website,Rejected due to graduation year,,
86,,Graduate Backend Software Engineeer,,25/09/2024,yes,,,,,,,Company website,,,
87,,Junior React Native Developer - Manchester - Hybrid - 1 day a week in office,Yes,26/09/2024,yes,,,,,,,career/job site,,,
88,,Software Developer Graduate Programme,,26/09/2024,yes,Yes,,,,,,Company website,,yes,
89,,Software Engineering Graduate,,02/10/2024,yes,No,No,No,No,NA,NA,Company website,,,
90,,Graduate Software Developer - Full Stack,,02/10/2024,no,,,,,,,Company website,,,
91,,Entry Level Software Software Engineer,,03/10/2024,yes,No,No,No,No,NA,NA,Company website,,,
92,,Training Programme ,,07/10/2024,yes,No,No,No,No,NA,NA,Company website,,,
93,,Graduate Trainee Software Engineering,,07/10/2024,yes,Yes,No,No,No,NA,NA,Company website,Automated scenario questions,Yes,
94,,Software Engineering Graduate,,09/10/2024,no,Yes,,,,,,Company website,automated: Scenario and interview questions,Yes,
95,,Graduate Software Engineer,,17/10/2024,yes,No,No,No,No,Na,NA,Company website,Rejected due to graduation year,,
96,,Technology Degree Apprenticeship Engineering,,18/10/2024,no,Yes,,,,,,Company website,automated: Scenario and interview questions,Yes,
97,,Junior Full Stack Developer / Web Developer,,22/10/2024,yes,,,,,,,Company website,,,
98,,Software Developer Apprentice,,23/10/2024,no,,,,,,,Company website,,,
99,,Data Engineer Apprentice,,31/10/2024,yes,,,,,,,Company website,,,
100,,Software Engineering Graduate Scheme,,31/10/2024,yes,,,,,,,Company website,,,
101,,,,,,,,,,,,,,,
102,,,,,,,,,,,,,,,
103,,,,,,,,,,,,,,,
104,,,,,,,,,,,,,,,
105,,,,,,,,,,,,,,,
106,,,,,,,,,,,,,,,
107,,,,,,,,,,,,,,,
108,,,,,,,,,,,,,,,
109,,,,,,,,,,,,,,,
110,,,,,,,,,,,,,,,
111,,,,,,,,,,,,,,,
112,,,,,,,,,,,,,,,
113,,,,,,,,,,,,,,,
114,,,,,,,,,,,,,,,
115,,,,,,,,,,,,,,,
116,,,,,,,,,,,,,,,
117,,,,,,,,,,,,,,,
118,,,,,,,,,,,,,,,
119,,,,,,,,,,,,,,,
120,,,,,,,,,,,,,,,
121,,,,,,,,,,,,,,,
122,,,,,,,,,,,,,,,
123,,,,,,,,,,,,,,,
124,,,,,,,,,,,,,,,
125,,,,,,,,,,,,,,,
126,,,,,,,,,,,,,,,
127,,,,,,,,,,,,,,,
128,,,,,,,,,,,,,,,
129,,,,,,,,,,,,,,,
130,,,,,,,,,,,,,,,
131,,,,,,,,,,,,,,,
132,,,,,,,,,,,,,,,
133,,,,,,,,,,,,,,,
134,,,,,,,,,,,,,,,
135,,,,,,,,,,,,,,,
136,,,,,,,,,,,,,,,
137,,,,,,,,,,,,,,,
138,,,,,,,,,,,,,,,
139,,,,,,,,,,,,,,,
140,,,,,,,,,,,,,,,
141,,,,,,,,,,,,,,,
142,,,,,,,,,,,,,,,
143,,,,,,,,,,,,,,,
144,,,,,,,,,,,,,,,
145,,,,,,,,,,,,,,,
146,,,,,,,,,,,,,,,
147,,,,,,,,,,,,,,,
148,,,,,,,,,,,,,,,
149,,,,,,,,,,,,,,,
150,,,,,,,,,,,,,,,
151,,,,,,,,,,,,,,,
152,,,,,,,,,,,,,,,
153,,,,,,,,,,,,,,,
154,,,,,,,,,,,,,,,
155,,,,,,,,,,,,,,,
156,,,,,,,,,,,,,,,
157,,,,,,,,,,,,,,,
158,,,,,,,,,,,,,,,
159,,,,,,,,,,,,,,,
160,,,,,,,,,,,,,,,
161,,,,,,,,,,,,,,,
162,,,,,,,,,,,,,,,
163,,,,,,,,,,,,,,,
164,,,,,,,,,,,,,,,
165,,,,,,,,,,,,,,,
166,,,,,,,,,,,,,,,
167,,,,,,,,,,,,,,,
168,,,,,,,,,,,,,,,
169,,,,,,,,,,,,,,,
170,,,,,,,,,,,,,,,
171,,,,,,,,,,,,,,,
172,,,,,,,,,,,,,,,
173,,,,,,,,,,,,,,,
174,,,,,,,,,,,,,,,
175,,,,,,,,,,,,,,,
176,,,,,,,,,,,,,,,
177,,,,,,,,,,,,,,,
178,,,,,,,,,,,,,,,
179,,,,,,,,,,,,,,,
180,,,,,,,,,,,,,,,
181,,,,,,,,,,,,,,,
182,,,,,,,,,,,,,,,
183,,,,,,,,,,,,,,,
184,,,,,,,,,,,,,,,
185,,,,,,,,,,,,,,,
186,,,,,,,,,,,,,,,
187,,,,,,,,,,,,,,,
188,,,,,,,,,,,,,,,
189,,,,,,,,,,,,,,,
190,,,,,,,,,,,,,,,
191,,,,,,,,,,,,,,,
192,,,,,,,,,,,,,,,
193,,,,,,,,,,,,,,,
194,,,,,,,,,,,,,,,
195,,,,,,,,,,,,,,,
196,,,,,,,,,,,,,,,
197,,,,,,,,,,,,,,,
198,,,,,,,,,,,,,,,
199,,,,,,,,,,,,,,,
200,,,,,,,,,,,,,,,